Workbook

Sheet Dashboard
A2: Valg Artifact: Small-Scale Reproduction Dashboard
A4: Scope: four locally executed projects; end-to-end wall-clock times from the selected, most complete run of each project.
A6: Projects | B6: ValgJ faster | C6: Median J reduction | D6: Violation signatures kept | E6: Complete T pairs | F6: Successful modes | G6: Total modes | H6: Data status
A7: =COUNTA(Analysis!A2:A5) -> 4 | B7: =COUNTIF(Analysis!F2:F5,">0") -> 3 | C7: =MEDIAN(Analysis!F2:F5) -> 0.31153148 | D7: =MIN(Analysis!I2:I5) -> 1 | E7: =COUNT(Analysis!L2:L5) -> 1 | F7: =SUM(Analysis!T2:T5) -> 15 | G7: =ROWS(Analysis!A2:A5)*5 -> 20 | H7: =IF(F7=G7,"Complete","Partial") -> Partial
A10: Project | B10: no-RV (s) | C10: ValgJ (s) | D10: JavaMOP (s) | E10: ValgJ / JavaMOP | F10: Time reduction | G10: Unique violations kept
A11: =Analysis!A2 -> javadbf | B11: =Analysis!B2 -> 11.142 | C11: =Analysis!C2 -> 61.079 | D11: =Analysis!D2 -> 38.795 | E11: =Analysis!E2 -> 1.5744039 | F11: =Analysis!F2 -> -0.57440392 | G11: =Analysis!I2 -> 1
A12: =Analysis!A3 -> jlemmagen | B12: =Analysis!B3 -> 9.389 | C12: =Analysis!C3 -> 114.502 | D12: =Analysis!D3 -> 315.707 | E12: =Analysis!E3 -> 0.36268439 | F12: =Analysis!F3 -> 0.63731561 | G12: =Analysis!I3 -> 1
A13: =Analysis!A4 -> route53-infima | B13: =Analysis!B4 -> 13.673 | C13: =Analysis!C4 -> 41.806 | D13: =Analysis!D4 -> 59.767 | E13: =Analysis!E4 -> 0.69948299 | F13: =Analysis!F4 -> 0.30051701 | G13: =Analysis!I4 -> 1
A14: =Analysis!A5 -> xeger | B14: =Analysis!B5 -> 10.428 | C14: =Analysis!C5 -> 44.714 | D14: =Analysis!D5 -> 66.003 | E14: =Analysis!E5 -> 0.67745406 | F14: =Analysis!F5 -> 0.32254594 | G14: =Analysis!I5 -> 1
A18: Project | B18: ValgJ | C18: JavaMOP baseline
A19: =Analysis!A2 -> javadbf | B19: =Analysis!E2 -> 1.5744039 | C19: =1 -> 1
A20: =Analysis!A3 -> jlemmagen | B20: =Analysis!E3 -> 0.36268439 | C20: =1 -> 1
A21: =Analysis!A4 -> route53-infima | B21: =Analysis!E4 -> 0.69948299 | C21: =1 -> 1
A22: =Analysis!A5 -> xeger | B22: =Analysis!E5 -> 0.67745406 | C22: =1 -> 1
A26: Interpretation | B26: Result | C26: Definition | D26: Caveat
A27: Java-path timing | B27: ValgJ is faster on 3 of 4 projects. | C27: 1 − ValgJ / JavaMOP | D27: javadbf is slower under ValgJ in this run.
A28: Violation signatures | B28: All unique violation rows are preserved. | C28: ValgJ unique rows / JavaMOP unique rows | D28: Occurrence counts are reduced by selective monitoring.
A29: Trace-path timing | B29: One complete ValgT–TraceMOP pair is available. | C29: 1 − ValgT / TraceMOP | D29: The remaining trace-mode runs are partial or failed.
A30: Paper comparison | B30: These are local subset results, not the paper's 64-project aggregate. | C30: End-to-end wall-clock time | D30: Monitoring-only time is not available in these summary files.
A33: Reproducibility notes
A34: Selection rule | B34: Most successful modes; latest run breaks ties.
A35: Timing unit | B35: Seconds, converted from duration_ms.
A36: Failed modes | B36: Shown as missing, never converted to zero.
A37: Source | B37: valg-reproduction/subset-results/*/summary.csv

Sheet Trace Analysis
A2: Trace-oriented comparison (ValgT vs. TraceMOP)
A4: Duplicate trace instances are derived as trace_frequency_sum − unique_traces. Missing values indicate a failed or unavailable mode, not zero.
A7: Project | B7: ValgT (s) | C7: TraceMOP (s) | D7: Time reduction | E7: ValgT unique | F7: TraceMOP unique | G7: Retention | H7: ValgT duplicates | I7: TraceMOP duplicates | J7: Duplicate reduction
A8: =Analysis!A2 -> javadbf | B8: =IF(Analysis!J2="","",Analysis!J2) | C8: =IF(Analysis!K2="","",Analysis!K2) -> 49.768 | D8: =IF(Analysis!M2="","",Analysis!M2) | E8: =IF(Analysis!N2="","",Analysis!N2) | F8: =IF(Analysis!O2="","",Analysis!O2) -> 278 | G8: =IF(Analysis!P2="","",Analysis!P2) | H8: =IF(Analysis!Q2="","",Analysis!Q2) | I8: =IF(Analysis!R2="","",Analysis!R2) -> 137313 | J8: =IF(Analysis!S2="","",Analysis!S2)
A9: =Analysis!A3 -> jlemmagen | B9: =IF(Analysis!J3="","",Analysis!J3) -> 184.6 | C9: =IF(Analysis!K3="","",Analysis!K3) -> 349.056 | D9: =IF(Analysis!M3="","",Analysis!M3) -> 0.47114503 | E9: =IF(Analysis!N3="","",Analysis!N3) -> 1840 | F9: =IF(Analysis!O3="","",Analysis!O3) -> 2115 | G9: =IF(Analysis!P3="","",Analysis!P3) -> 0.86997636 | H9: =IF(Analysis!Q3="","",Analysis!Q3) -> 79812 | I9: =IF(Analysis!R3="","",Analysis!R3) -> 1258457 | J9: =IF(Analysis!S3="","",Analysis!S3) -> 0.93657948
A14: Project | B14: ValgT | C14: TraceMOP | E14: Project | F14: ValgT duplicates | G14: TraceMOP duplicates | I14: Project | J14: ValgT unique | K14: TraceMOP unique
A15: =Analysis!A3 -> jlemmagen | B15: =Analysis!J3 -> 184.6 | C15: =Analysis!K3 -> 349.056 | E15: =Analysis!A3 -> jlemmagen | F15: =Analysis!Q3 -> 79812 | G15: =Analysis!R3 -> 1258457 | I15: =Analysis!A3 -> jlemmagen | J15: =Analysis!N3 -> 1840 | K15: =Analysis!O3 -> 2115
I36: Result summary
I37: Metric | J37: Value | K37: Interpretation
I38: ValgT time reduction | J38: =Analysis!M3 -> 0.47114503 | K38: Lower end-to-end time than TraceMOP
I39: Unique-trace retention | J39: =Analysis!P3 -> 0.86997636 | K39: Most distinct traces retained
I40: Duplicate-trace reduction | J40: =Analysis!S3 -> 0.93657948 | K40: Large reduction in repeated trace checks
I41: Complete project pairs | J41: =COUNT(Analysis!L2:L5) -> 1 | K41: Other projects cannot support a paired trace comparison
I42: Availability | J42: Partial | K42: Do not generalize this trace result across all projects

Sheet Analysis
A1: Project | B1: no-RV (s) | C1: ValgJ (s) | D1: JavaMOP (s) | E1: ValgJ / JavaMOP | F1: JavaMOP time reduction | G1: ValgJ unique violations | H1: JavaMOP unique violations | I1: Violation-signature preservation | J1: ValgT (s) | K1: TraceMOP (s) | L1: ValgT / TraceMOP | M1: TraceMOP time reduction | N1: ValgT unique traces | O1: TraceMOP unique traces | P1: Unique-trace retention | Q1: ValgT duplicate traces | R1: TraceMOP duplicate traces | S1: Duplicate-trace reduction | T1: Successful modes | U1: Selected run
A2: javadbf | B2: 11.142 | C2: 61.079 | D2: 38.795 | E2: =IF(OR(C2="",D2="",D2=0),"",C2/D2) -> 1.5744039 | F2: =IF(E2="","",1-E2) -> -0.57440392 | G2: 3 | H2: 3 | I2: =IF(OR(G2="",H2="",H2=0),"",G2/H2) -> 1 | K2: 49.768 | L2: =IF(OR(J2="",K2="",K2=0),"",J2/K2) | M2: =IF(L2="","",1-L2) | O2: 278 | P2: =IF(OR(N2="",O2="",O2=0),"",N2/O2) | R2: 137313 | S2: =IF(OR(Q2="",R2="",R2=0),"",1-Q2/R2) | T2: 4 | U2: 20261017-225822
A3: jlemmagen | B3: 9.389 | C3: 114.502 | D3: 315.707 | E3: =IF(OR(C3="",D3="",D3=0),"",C3/D3) -> 0.36268439 | F3: =IF(E3="","",1-E3) -> 0.63731561 | G3: 3 | H3: 3 | I3: =IF(OR(G3="",H3="",H3=0),"",G3/H3) -> 1 | J3: 184.6 | K3: 349.056 | L3: =IF(OR(J3="",K3="",K3=0),"",J3/K3) -> 0.52885497 | M3: =IF(L3="","",1-L3) -> 0.47114503 | N3: 1840 | O3: 2115 | P3: =IF(OR(N3="",O3="",O3=0),"",N3/O3) -> 0.86997636 | Q3: 79812 | R3: 1258457 | S3: =IF(OR(Q3="",R3="",R3=0),"",1-Q3/R3) -> 0.93657948 | T3: 5 | U3: 20261017-235320
A4: route53-infima | B4: 13.673 | C4: 41.806 | D4: 59.767 | E4: =IF(OR(C4="",D4="",D4=0),"",C4/D4) -> 0.69948299 | F4: =IF(E4="","",1-E4) -> 0.30051701 | G4: 8 | H4: 8 | I4: =IF(OR(G4="",H4="",H4=0),"",G4/H4) -> 1 | L4: =IF(OR(J4="",K4="",K4=0),"",J4/K4) | M4: =IF(L4="","",1-L4) | P4: =IF(OR(N4="",O4="",O4=0),"",N4/O4) | S4: =IF(OR(Q4="",R4="",R4=0),"",1-Q4/R4) | T4: 3 | U4: 20261017-232932
A5: xeger | B5: 10.428 | C5: 44.714 | D5: 66.003 | E5: =IF(OR(C5="",D5="",D5=0),"",C5/D5) -> 0.67745406 | F5: =IF(E5="","",1-E5) -> 0.32254594 | G5: 1 | H5: 1 | I5: =IF(OR(G5="",H5="",H5=0),"",G5/H5) -> 1 | L5: =IF(OR(J5="",K5="",K5=0),"",J5/K5) | M5: =IF(L5="","",1-L5) | P5: =IF(OR(N5="",O5="",O5=0),"",N5/O5) | S5: =IF(OR(Q5="",R5="",R5=0),"",1-Q5/R5) | T5: 3 | U5: 20261017-223751

Sheet Run Data
A1: run_id | B1: selected | C1: project | D1: mode | E1: status | F1: duration_ms | G1: violation_occurrences | H1: unique_violation_rows | I1: unique_traces | J1: trace_frequency_sum | K1: derived_duplicate_trace_instances | L1: locations | M1: source
A2: 20261017-223751 | B2: yes | C2: xeger | D2: no-RV | E2: success | F2: 10428 | G2: 0 | H2: 0 | M2: valg-reproduction/subset-results/20261017-223751/summary.csv
A3: 20261017-223751 | B3: yes | C3: xeger | D3: ValgJ | E3: success | F3: 44714 | G3: 229 | H3: 1 | M3: valg-reproduction/subset-results/20261017-223751/summary.csv
A4: 20261017-223751 | B4: yes | C4: xeger | D4: JavaMOP | E4: success | F4: 66003 | G4: 4202 | H4: 1 | M4: valg-reproduction/subset-results/20261017-223751/summary.csv
A5: 20261017-223751 | B5: yes | C5: xeger | D5: ValgT | E5: failed | M5: valg-reproduction/subset-results/20261017-223751/summary.csv
A6: 20261017-223751 | B6: yes | C6: xeger | D6: TraceMOP | E6: failed | M6: valg-reproduction/subset-results/20261017-223751/summary.csv
A7: 20261017-225822 | B7: yes | C7: javadbf | D7: no-RV | E7: success | F7: 11142 | G7: 0 | H7: 0 | M7: valg-reproduction/subset-results/20261017-225822/summary.csv
A8: 20261017-225822 | B8: yes | C8: javadbf | D8: ValgJ | E8: success | F8: 61079 | G8: 506 | H8: 3 | M8: valg-reproduction/subset-results/20261017-225822/summary.csv
A9: 20261017-225822 | B9: yes | C9: javadbf | D9: JavaMOP | E9: success | F9: 38795 | G9: 529 | H9: 3 | M9: valg-reproduction/subset-results/20261017-225822/summary.csv
A10: 20261017-225822 | B10: yes | C10: javadbf | D10: ValgT | E10: failed | M10: valg-reproduction/subset-results/20261017-225822/summary.csv
A11: 20261017-225822 | B11: yes | C11: javadbf | D11: TraceMOP | E11: success | F11: 49768 | G11: 529 | H11: 3 | I11: 278 | J11: 137591 | K11: 137313 | L11: 159 | M11: valg-reproduction/subset-results/20261017-225822/summary.csv
A12: 20261017-232932 | B12: yes | C12: route53-infima | D12: no-RV | E12: success | F12: 13673 | G12: 0 | H12: 0 | M12: valg-reproduction/subset-results/20261017-232932/summary.csv
A13: 20261017-232932 | B13: yes | C13: route53-infima | D13: ValgJ | E13: success | F13: 41806 | G13: 8 | H13: 8 | M13: valg-reproduction/subset-results/20261017-232932/summary.csv
A14: 20261017-232932 | B14: yes | C14: route53-infima | D14: JavaMOP | E14: success | F14: 59767 | G14: 1592 | H14: 8 | M14: valg-reproduction/subset-results/20261017-232932/summary.csv
A15: 20261017-232932 | B15: yes | C15: route53-infima | D15: ValgT | E15: failed | M15: valg-reproduction/subset-results/20261017-232932/summary.csv
A16: 20261017-232932 | B16: yes | C16: route53-infima | D16: TraceMOP | E16: failed | M16: valg-reproduction/subset-results/20261017-232932/summary.csv
A17: 20261017-235320 | B17: yes | C17: jlemmagen | D17: no-RV | E17: success | F17: 9389 | G17: 0 | H17: 0 | M17: valg-reproduction/subset-results/20261017-235320/summary.csv
A18: 20261017-235320 | B18: yes | C18: jlemmagen | D18: ValgJ | E18: success | F18: 114502 | G18: 189 | H18: 3 | M18: valg-reproduction/subset-results/20261017-235320/summary.csv
A19: 20261017-235320 | B19: yes | C19: jlemmagen | D19: JavaMOP | E19: success | F19: 315707 | G19: 3431 | H19: 3 | M19: valg-reproduction/subset-results/20261017-235320/summary.csv
A20: 20261017-235320 | B20: yes | C20: jlemmagen | D20: ValgT | E20: success | F20: 184600 | G20: 190 | H20: 3 | I20: 1840 | J20: 81652 | K20: 79812 | L20: 45 | M20: valg-reproduction/subset-results/20261017-235320/summary.csv
A21: 20261017-235320 | B21: yes | C21: jlemmagen | D21: TraceMOP | E21: success | F21: 349056 | G21: 3431 | H21: 3 | I21: 2115 | J21: 1260572 | K21: 1258457 | L21: 45 | M21: valg-reproduction/subset-results/20261017-235320/summary.csv
